人民网,
新华网,
央视网,
中国网,
国际在线,
中国日报网,
中国青年网,
中国经济网,
中国台湾网,
中国西藏网,
光明网,
央广网,
中国军网,
中国新闻网,
人民政协网,
法制网,
中青在线,
环球网,
中工网,
未来网,
海外网,
正义网,
中国搜索,
党建网,
求是网,
理论网,
人民论坛网,
旗帜网,
中国文明网,
学习强国,
中国妇女网,
中国农网,
中国侨网,
中国发展网,
参考消息网,
中国能源网,
证券时报网,
中国经济周刊网（经济网）,
环球人物网,
半月谈网,
经济参考网,
中国小康网,
证券日报网,
中国教育新闻网,
神州学人网,
中国科技网,
中国工信产业网,
中国民族宗教网,
中国法院网,
关爱下一代网,
中国财经报网,
中国组织人事报新闻网,
中国劳动保障新闻网,
中国环境网站,
中国建设新闻网,
中国交通新闻网,
中国水运网,
中国水利网,
农视网,
中国旅游新闻网,
健康报网,
中国安全生产网,
中国金融新闻网,
中国商报网,
消费日报网,
中国税网,
中国质量新闻网,
中国消费网,
中国市场监管新闻网,
中国经营网,
中国经济新闻网,
中国气象新闻网,
中国银行保险报网,
中国电力新闻网,
绿色中国网络电视,
中国警察网,
人民铁道网,
中国军视网,
华夏经纬网,
人民日报,
新华社,
中央广播电视总台,
《求是》杂志,
解放军报,
光明日报,
经济日报,
中国日报,
科技日报,
人民政协报,
中国纪检监察报,
中国新闻社,
学习时报,
工人日报,
中国青年报,
中国妇女报,
农民日报,
法治日报,
人民日报海外版,
参考消息,
环球时报,
证券时报,
中国经济周刊,
环球人物,
人民论坛,
新华每日电讯,
t望,
半月谈,
经济参考报,
中国证券报,
CGTN,
《红旗文稿》杂志,
《小康》杂志,
《教育家》杂志,
《留学》杂志,
中华读书报,
证券日报,
中国新闻周刊,
《中国纪检监察》杂志,
《党建》杂志,
《当代世界》杂志,
《旗帜》杂志,
中国经济导报,
中国改革报,
中国教育报,
《神州学人》杂志,
人民邮电报,
《民族画报》杂志,
中国民族报,
人民公安报,
中国财经报,
中国组织人事报,
中国劳动保障报,
中国自然资源报,
中国环境报,
中国建设报,
中国交通报,
中国水运报,
中国水利报,
国际商报,
中国文化报,
中国旅游报,
健康报,
中国人口报,
金融时报,
《中国金融》杂志,
中国审计报,
中国商报,
中国食品报,
企业观察报,
中国工业报,
消费日报,
中国税务报,
中国市场监管报,
中国质量报,
中国消费者报,
中国体育报,
中国科学报,
《家族企业》杂志,
《商学院》杂志,
中国经营报,
中国经济时报,
中国气象报,
中国银行保险报,
中国电力报,
中国绿色时报,
《中国林业》杂志,
《绿色中国》杂志,
《国土绿化》杂志,
人民铁道报,
中国民航报,
中国邮政快递报,
中国中医药报,
中国煤炭报,
中国医药报,
人民法院报,
检察日报,
《中国青年》杂志,
《中国妇女》（英文版）,
中华工商时报,
《中国火炬》杂志,
团结报,
《解放军画报》杂志,
中央纪委国家监委,
中央组织部,
中央宣传部,
中央统战部,
中央对外联络部,
中央政法委,
中央网信办,
中央台办,
中央党校（国家行政学院）,
中央党史和文献研究院,
全国人大常委会办公厅,
国务院办公厅,
外交部,
国家发展改革委,
教育部,
科技部,
工业和信息化部,
国家民委,
公安部,
民政部,
司法部,
财政部,
人力资源社会保障部,
自然资源部,
生态环境部,
住房城乡建设部,
交通运输部,
水利部,
农业农村部,
商务部,
文化和旅游部,
国家卫生健康委,
退役军人事务部,
应急管理部,
中国人民银行,
审计署,
国务院国资委,
海关总署,
税务总局,
市场监管总局,
广电总局,
体育总局,
国家统计局,
国家国际发展合作署,
国家医保局,
国务院港澳办,
中央人民政府驻香港特别,
行政区联络办公室,
中央人民政府驻澳门特别,
行政区联络办公室,
中国科学院,
中国工程院,
国务院发展研究中心,
中国气象局,
中国银保监会,
中国证监会,
国家信访局,
国家粮食和储备局,
国家能源局,
国家移民局,
国家林草局,
中国民航局,
国家邮政局,
国家文物局,
国家中医药局,
国家矿山安监局,
国家外汇局,
国家药监局,
国家知识产权局,
国家乡村振兴局,
全国政协办公厅,
最高人民法院,
最高人民检察院,
全国总工会,
共青团中央,
全国妇联,
中国科协,
中国记协,
全国工商联,
北京冬奥组委,
中国国际进口博览会,
中国人民解放军,
各相关单位,
千龙网,
前线网,
北京日报网,
新京报网,
北青网,
北京时间,
北京广播网,
新闻单位,
北京日报,
北京晚报,
新京报,
北京青年报,
北京商报,
劳动午报,
前线杂志,
北京广播电视台,
北方网,
津云,
津滨网,
新闻单位,
天津日报,
今晚报,
滨城时报,
天津广播电视台,
长城网,
河北新闻网,
河青新闻网,
河工新闻网,
河北法制网,
河北共产党员网,
河北网络广播电视台,
石家庄新闻网,
秦皇岛新闻网,
秦皇岛传媒网,
今日渤海网,
沧州广电网,
沧州新闻网,
邯郸新闻网,
邯郸广电网,
邢台网,
邢台电视台网,
环渤海新闻网,
唐山广电网,
张家口新闻网,
唐尧网,
保定广电网,
承德新闻网,
和合承德网,
衡水新闻网,
廊坊传媒网,
环京津新闻网,
定州网,
太行新闻网,
新闻单位,
河北日报,
河北青年报,
河北法制报,
石家庄日报,
沧州日报,
邢台日报,
张家口日报,
保定日报,
承德日报,
衡水日报,
廊坊日报,
中共河北省委共产党员杂志,
石家庄广播电视台,
沧州广播电视台,
邯郸广播电视台,
邢台广播电视台,
辛集广播电视台,
张家口广播电视台,
黄河新闻网,
山西新闻网,
山西日报网,
山西晚报网,
山西网络广播电视台,
太原新闻网,
大同新闻网,
长治新闻网,
长治广电网,
阳泉新闻网,
晋城广电网,
晋城新闻网,
晋中广播电视台视听网,
运城新闻网,
运城视听网,
临汾新闻网,
临汾广电网,
朔州视听网,
朔州新闻网,
忻州网,
忻州广播电视网,
吕梁新闻网,
吕梁广播电视网,
阳泉网络广播电视台,
新闻单位,
山西日报,
山西晚报,
太原日报,
太原晚报,
大同日报,
长治日报,
阳泉日报,
晋中日报,
太行日报,
忻州日报,
吕梁日报,
运城日报,
山西广播电视台,
太原广播电视台,
长治广播电视台,
阳泉市广播电视台,
晋城广播电视台,
运城市广播电视台,
临汾广播电视台,
山西云媒体,
忻州市新闻中心,
内蒙古新闻网,
正北方网,
腾格里网―内蒙古网,
络广播电视台,
内蒙古晨网,
呼和浩特新闻网,
包头新闻网,
中国通辽网,
新闻单位,
内蒙古日报,
内蒙古晨报,
呼和浩特日报,
包头日报,
通辽日报,
内蒙古广播电视台,
东北新闻网,
北国网,
沈阳网,
新闻单位,
辽宁日报,
沈阳日报,
沈阳晚报,
大连日报,
辽宁广播电视台,
沈阳广播电视台,
大连广播电视台,
中国吉林网,
大吉网,
长春新闻网,
吉视网,
吉林广播网,
新闻单位,
吉林日报,
长春日报,
吉林广播电视台,
长春广播电视台,
东北网,
哈尔滨新闻网,
大庆网,
新闻单位,
黑龙江日报,
哈尔滨日报,
生活报,
黑龙江广播电视台,
哈尔滨广播电视台,
上观新闻网,
文汇网,
新民网,
看看新闻,
东方网,
澎湃新闻,
界面新闻,
财联社,
第一财经,
周到上海网,
上海日报网,
劳动报网,
新闻单位,
解放日报,
文汇报,
新民晚报,
新闻晨报,
上海日报,
青年报,
上海法治报,
劳动报,
第六声,
话匣子,
中国江苏网,
新华报业网,
荔枝网,
我苏网,
扬子晚报网,
现代快报网,
群众网,
龙虎网,
南报网,
南京广播电视网,
南京广播网,
中国徐州网,
宿迁网,
名城苏州网,
扬州网,
金山网,
苏州新闻网,
中国常州网,
盐城新闻网,
盐城网,
扬帆网,
中吴网,
泰州新闻网,
淮海网,
镇江传媒网,
南通网,
江海明珠网,
凤城泰州网,
淮安新闻网,
淮安视听网,
连网,
连云港传媒网,
太湖明珠网,
无锡新传媒,
新闻单位,
新华日报,
扬子晚报,
南京晨报,
现代快报,
群众杂志,
南京日报,
金陵晚报,
无锡日报,
扬州日报,
镇江日报,
苏州日报,
常州日报,
盐阜大众报,
泰州日报,
南通日报,
淮安日报,
连云港日报,
江苏省广播电视总台,
南京广播电视台,
苏州广播电视总台,
盐城广播电视台,
扬州广播电视总台,
常州广播电视台,
徐州广播电视台,
镇江市广播电视台,
南通广播电视台,
泰州广播电视台,
淮安市广播电视台,
连云港市广播电视台,
无锡市广播电视台,
宿迁市广播电视总台,
江阴市融媒体中心,
浙江网信网,
浙江在线,
新蓝网,
杭州网,
中国宁波网,
宁波广电网,
温州新闻网,
东海网,
湖州在线,
嘉兴在线,
嘉兴人网,
绍兴网,
金华新闻网,
广众网,
衢州新闻网,
衢州传媒网,
舟山网,
海洋宽频网,
台州在线,
中国台州网,
丽水网,
丽水在线,
新闻单位,
浙江日报,
钱江晚报,
杭州日报,
每日商报,
城报,
宁波日报,
宁波晚报,
东南商报,
现代金报,
温州日报,
温州都市报,
温州商报,
湖州日报,
嘉兴日报,
南湖晚报,
衢州日报,
台州日报,
浙江电视台,
浙江人民广播电台,
杭州人民广播电台,
杭州电视台,
宁波人民广播电台,
宁波电视台,
温州市广播电视台,
天目新闻,
浙农号,
杭州之家,
宁聚,
长兴县融媒体中心,
中安在线,
安徽新闻网,
安徽财经网,
安徽网,
安徽经济网,
安徽网络广播电视台,
合肥网,
合肥在线,
淮北新闻网,
亳州新闻网,
拂晓新闻网,
蚌埠新闻网,
阜阳新闻网,
淮南网,
淮南新闻网,
滁州网,
六安新闻网,
皖江在线,
芜湖新闻网,
宣城新闻网,
铜陵新闻网,
池州新闻网,
黄山新闻网,
黄山在线,
见马鞍山,
安庆新闻网,
亳州视听网,
滁州广播电视网,
六安广播电视网,
铜陵网络台,
池州网络广播电视台,
新闻单位,
安徽日报,
新安晚报,
安徽商报,
市场星报,
安徽经济报,
江淮晨报,
合肥晚报,
合肥日报,
亳州晚报,
拂晓报,
蚌埠日报,
阜阳日报,
淮南日报,
滁州日报,
皖西日报,
六安广播电视报,
马鞍山日报,
芜湖日报,
铜陵日报,
黄山日报,
安庆日报,
安徽广播电视台,
亳州市广播电视台,
阜阳广播电视台,
淮南市广播电视台,
滁州市广播电视台,
六安市广播电视台,
铜陵市广播电视台,
池州市广播电视台,
黄山市广播电视台,
东南网,
海峡网,
闽南网,
福建网络广播电视台,
福州新闻网,
厦门网,
台海网,
三明网,
平潭网,
漳视网,
闽西新闻网,
漳州新闻网,
泉州网,
泉视界,
莆田网,
大武夷新闻网,
红土地网,
宁德网,
新闻单位,
福建日报,
福州日报,
福州晚报,
厦门日报,
每周文摘,
福建卫生报,
通信信息报,
海峡消费报,
海峡教育报,
海峡导报,
海西晨报,
福州广播电视台,
厦门广播电视台,
闽南日报,
泉州晚报,
三明日报,
湄洲日报,
闽北日报,
闽东日报,
泉州广播电视台,
三明市广播电视台,
龙岩电视台,
龙岩人民广播电台,
宁德电视台,
尤溪县融媒体中心,
中国江西网,
大江网,
江西文明网,
江西网络广播电视台,
南昌新闻网,
赣州客家新闻网,
上饶新闻网,
九江新闻网,
中国萍乡网,
吉安新闻网,
新余新闻网,
抚州新闻网,
宜春新闻网,
鹰潭新闻网,
中国景德镇网,
九江视听网,
爱吉安网,
抚州传媒网,
青花视听,
时空赣州网,
新闻单位,
江西日报,
江西晨报,
南昌日报,
上饶日报,
九江日报,
萍乡日报,
井冈山报,
新余日报,
抚州日报,
赣南日报,
宜春日报,
鹰潭日报,
景德镇日报,
江西广播电视台,
南昌广播电视台,
九江广播电视台,
萍乡广播电视台,
吉安广播电视台,
新余市广播电视台,
抚州市广播电视台,
景德镇市广播电视台,
赣州广播电视台,
宜春市广播电视台,
鹰潭广播电视台,
上饶市广播电视台,
抚州市全媒体中心,
分宜县融媒体中心,
大众网,
齐鲁网,
鲁网,
中国山东网,
舜网,
青岛新闻网,
青岛财经网,
半岛网,
速豹新闻网,
联合网,
淄博新闻网,
中华宽带网,
枣庄新闻网,
鲁南传媒网,
东营网,
黄河口网,
（东营网络电视台）,
水母网,
胶东在线,
潍坊新闻网,
潍坊传媒网,
济宁新闻网,
东方圣城网,
中华泰山网,
信网,
泰山网,
威海传媒网,
威海新闻网,
日照新闻网,
日照网,
滨州网,
滨州传媒网,
德州新闻网,
大略网,
聊城新闻网,
聊城视窗网,
琅琊新闻网,
爱临沂网,
中国菏泽网,
菏泽广电网,
新闻单位,
大众日报,
齐鲁晚报,
山东商报,
农村大众,
济南日报,
济南时报,
青岛日报,
半岛都市报,
青岛财经日报,
鲁中晨报,
淄博日报,
枣庄日报,
东营日报,
烟台日报,
济宁日报,
泰安日报,
日照日报,
德州日报,
聊城日报,
临沂日报,
菏泽日报,
山东广播电视台,
济南广播电视台,
青岛市广播电视台,
淄博市广播电视台,
枣庄广播电视台,
东营市广播电视台,
烟台广播电视台,
济宁广播电视台,
泰安市广播电视台,
威海市广播电视台,
日照广播电视台,
德州市广播电视台,
临沂市广播电视台,
大河网,
映象网,
中原网,
洛阳网,
开封网,
郑州广播在线,
开封视听网,
鹤壁新闻网,
鹤壁网,
三门峡广播电视网,
三门峡网,
中网,
中华龙都网,
周口网,
漯河名城网,
漯河网,
漯河市广播网,
济源网,
商丘新闻网,
商丘网,
安阳新闻网,
驻马店广视网,
驻马店网,
信阳电视网,
信阳新闻网,
焦作网,
濮阳网,
许昌广播电视网,
焦作广播电视网,
许昌网,
南阳网,
新乡网,
平顶山新闻网,
平顶山广电信息网,
新闻单位,
河南日报,
郑州日报,
郑州晚报,
开封日报,
鹤壁日报,
周口日报,
周口晚报,
漯河日报,
京九晚报,
商丘日报,
信阳日报,
平顶山日报,
驻马店日报,
安阳日报,
新乡日报,
焦作日报,
许昌日报,
南阳日报,
济源日报,
济源晨报,
河南广播电视台,
郑州人民广播电台,
郑州电视台,
开封广播电视台,
鹤壁市广播电视台,
三门峡广播电视台,
周口广播电视台,
漯河市广播电视台,
洛阳广播电视台,
信阳广播电视台,
平顶山广播电视台,
驻马店广播电视台,
安阳广播电视台,
新乡广播电视台,
焦作广播电视台,
许昌广播电视台,
济源广播电视台,
项城市融媒体中心,
荆楚网(湖北日报网),
长江网,
楚天都市网,
党员生活网,
湖北文明网,
湖北网络广播电视台,
三峡宜昌网,
襄阳网,
三峡新闻网,
东楚网(黄石新闻网),
秦楚网,
汉江网,
三峡广电网,
荆州新闻网,
荆门新闻网,
孝感新闻网,
咸宁新闻网,
随州新闻网,
中国仙桃网,
天门网,
潜江新闻网,
襄阳广电网,
恩施新闻网,
黄冈新闻网,
鄂州新闻网,
荆彩网,
楚网,
黄冈新视窗,
云上恩施,
黄石广电网,
十堰广电网,
孝感网,
咸宁广电网,
新闻单位,
湖北日报,
楚天都市报,
长江日报,
三峡日报,
黄石日报,
十堰日报,
襄阳日报,
荆门日报,
咸宁日报,
随州日报,
天门日报,
恩施日报,
黄冈日报,
鄂州日报,
荆州日报,
孝感日报,
支点财经/支点杂志,
湖北广播电视台,
武汉广播电视台,
宜昌三峡广播电视台,
荆州广播电视台,
孝感广播电视台,
襄阳广播电视台,
荆门广播电视台,
黄冈广播电视台,
恩施土家族苗族自治州,
广播电视台,
黄石市广播电视台,
十堰广播电视台,
咸宁广播电视台,
天门广播电视台,
随州广播电视台,
九派新闻,
赤壁市融媒体中心,
红网,
华声在线,
芒果TV,
新湖南,
湖南民生网,
凤网,
星辰在线,
潇湘晨报网,
长沙晚报网,
长沙广播电视网,
湘潭在线,
湘潭传媒网,
衡阳广电网,
衡阳新闻网,
邵阳新闻在线,
邵阳新闻网,
尚一网,
岳阳网,
岳阳新闻网,
张家界新闻网,
益阳新闻网,
益阳广播电视在线,
益阳在线,
郴州新闻网,
永州新闻网,
怀化新闻网,
株洲新闻网,
株洲传媒网,
湘西网,
娄底新闻网,
新闻单位,
湖南日报,
潇湘晨报,
今日女报,
长沙晚报,
株洲日报,
邵阳日报,
岳阳日报,
张家界日报,
益阳日报,
郴州日报,
团结报,
长沙广播电视台,
株洲市广播电视台,
衡阳市广播电视台,
岳阳市广播电视台,
常德市广播电视台,
益阳市广播电视台,
怀化市广播电视台,
浏阳市融媒体中心,
南方网,
大洋网,
深圳新闻网,
金羊网,
南方财经网,
南方周末,
广州日报网,
荔枝网,
广视网,
奥一网,
东莞阳光网,
佛山新闻网,
新闻单位,
南方日报,
广州日报,
羊城晚报,
南方都市报,
南方周末报,
深圳特区报,
广东广播电视台,
广州市广播电视台,
深圳广播电视台,
东莞广播电视台,
广西新闻网,
北部湾在线,
广西网络广播电视台,
南宁新闻网,
桂林生活网,
贵港新闻网,
贺州新闻网,
崇左新闻网,
梧州零距离网站,
北海新闻网,
玉林新闻网,
玉林广播电视网,
百色新闻网,
贺州传媒网,
贺州新闻网,
河池网,
河池视频网,
来宾网,
柳州新闻网,
新闻单位,
广西日报,
南宁日报,
南宁晚报,
南方科技报,
柳州日报,
桂林日报,
梧州日报,
北海日报,
贵港日报,
玉林日报,
右江日报,
贺州日报,
河池日报,
来宾日报,
左江日报,
广西广播电视台,
南宁广播电视台,
柳州市广播电视台,
玉林广播电视台,
贺州市广播电视台,
河池市广播电视台,
南海网,
海口网,
海广网,
椰网,
海南网络广播电视台,
海南法治在线,
三亚新闻网,
新闻单位,
海南日报,
海口日报,
海南特区报,
国际旅游岛商报,
南国都市报,
法治时报,
海南农垦报,
三亚日报,
海南广播电视总台,
海口广播电视台,
儋州广播电视台,
华龙网,
视界网,
上游新闻网,
七一网,
城乡统筹发展网,
今日重庆网,
iChongqing,
重庆日报网,
重庆商报网,
新闻单位,
重庆日报,
重庆晨报,
重庆商报,
重庆人民广播电台,
重庆电视台,
四川新闻网,
四川在线,
四川经济网,
每经网,
四川党建网,
藏地阳光网,
封面新闻网,
无限成都,
红星新闻网,
四川网络广播电视台,
泸州新闻网,
乐山新闻网,
南充新闻网,
北纬网,
眉山网,
广元新闻网,
中国绵阳新闻网,
资阳网,
巴中传媒网,
广安新闻网,
攀枝花新闻网,
内江新闻网,
德阳传媒网,
康巴传媒网,
阿坝新闻网,
凉山新闻网,
达州日报网,
自贡网,
新闻单位,
四川日报,
成都日报,
华西都市报,
成都商报,
四川经济日报,
四川政协报,
每日经济新闻,
四川党的建设,
四川广播电视台,
成都广播电视台,
雅安日报,
眉山日报,
绵阳日报,
巴中日报,
凉山日报,
达州日报,
自贡日报,
成都高新区融媒体中心,
多彩贵州网,
当代先锋网,
贵阳网,
贵州网络广播电视台,
贵阳网络广播电视台,
遵义网,
中国六盘水网,
安顺新闻网,
毕节试验区网,
黔东南新闻网,
云黔南网,
中国黔西南网,
六盘水广播电视网,
铜仁网,
新闻单位,
贵州日报,
贵阳日报,
贵阳晚报,
遵义日报,
安顺日报,
毕节日报,
铜仁日报,
黔南日报,
黔西南日报,
六盘水日报,
贵州广播电视台,
贵阳广播电视台,
遵义市广播电视台,
毕节市广播电视台,
黔南广播电视台,
黔西南广播电视台,
云南网,
云视网,
昆明信息港,
开屏新闻网,
云岭先锋网,
云南法治网,
乐云网,
云南政协新闻网,
玉溪网,
西双版纳新闻网,
红河网,
无限红河网,
云南楚雄网,
保山日报网,
保山广播电视网,
临沧新闻网,
大理电视网,
大理日报新闻网,
普洱广播网,
普洱新闻网,
文山新闻网,
视听文山,
昭通新闻网,
曲靖珠江网,
曲靖新闻网,
德宏网,
丽江日报网,
香格里拉网,
怒江大峡谷网,
新闻单位,
云南日报,
春城晚报,
云南法制报,
云南信息报,
云南政协报,
昆明都市时报,
昆明日报,
云岭先锋杂志,
玉溪日报,
西双版纳报,
红河日报,
楚雄日报,
保山日报,
大理日报,
普洱日报,
文山日报,
昭通日报,
曲靖日报,
德宏团结报,
丽江日报,
迪庆日报,
云南广播电视台,
昆明广播电视台,
红河广播电视台,
保山市广播电视台,
临沧广播电视台,
大理广播电视台,
普洱广播电视台,
文山广播电视台,
丽江市广播电视台,
怒江广播电视台,
文旅头条,
掌上春城,
中国西藏新闻网,
中国西藏之声网,
西藏林芝网,
新闻单位,
西藏日报,
西藏广播电视台,
拉萨晚报,
西部网,
群众新闻网,
华商网,
陕西网,
三秦网,
各界新闻网,
阳光网,
西部法制传媒网,
西部决策网,
文化艺术网,
陕西农村网,
西安网,
西安新闻网,
宝鸡新闻网,
汉中新闻网,
安康新闻网,
铜川日报传媒网,
华山网,
榆林网（塞上明珠网）,
咸阳新闻网,
商洛新闻网,
延安新闻网,
中国农科新闻网,
渭南新闻网,
新闻单位,
陕西日报,
西安日报,
陕西农村报,
三秦都市报,
农业科技报,
阳光报,
宝鸡日报,
铜川日报,
汉中日报,
渭南日报,
安康日报,
陕西广播电视台,
西安广播电视台,
韩城市广播电视台,
陈仓区融媒体中心,
中国甘肃网,
每日甘肃网,每日甘肃网
丝路明珠网,
中国兰州网,
新闻单位,
甘肃日报,
兰州日报,
兰州晚报,
白银日报,
平凉日报,
定西日报,
酒泉日报,
临夏州民族日报,
陇东报,
张掖日报,
金昌日报,
嘉峪关日报,
甘南日报,
武威日报,
陇南日报,
天水日报,
甘肃省广播电视总台,
兰州广播电视台,
新甘肃,
玉门市融媒体中心,
青海新闻网,
青海长云网,
青海羚网,
海西新闻网,
海南州新闻网,
海北新闻网,
西宁网络电视台,
新闻单位,
西海都市报,
青海法制报,
西宁晚报,
海东日报,
青海广播电视台,
西宁市广播电视台,
宁夏新闻网,
银川新闻网,
宁夏网络广播电视台,
石嘴山新闻网,
吴忠网,
固原新闻网,
中卫新闻网,
新闻单位,
宁夏日报,
天山网,
新疆新闻在线,
丝路视听网,
新疆网,
兵团网,
兵团胡杨网,
兵团在线,
新闻单位,
新疆日报,
乌鲁木齐晚报,
兵团日报,
新疆广播电视台,
乌鲁木齐广播电视台,
兵团广播电视台,
首都之窗,
天津政务网,
河北省人民政府网站,
山西省人民政府网站,
内蒙古自治区人民政府网站,
辽宁省人民政府网站,
吉林省人民政府网站,
黑龙江省人民政府网站,
上海市人民政府网站,
江苏省人民政府网站,
浙江省人民政府网站,
安徽省人民政府网站,
福建省人民政府网站,
江西省人民政府网站,
山东省人民政府网站,
河南省人民政府网站,
湖北省人民政府网站,
湖南省人民政府网站,
广东省人民政府网站,
广西壮族自治区人民政府网站,
海南省人民政府网站,
重庆市人民政府网站,
四川省人民政府网站,
贵州省人民政府网站,
云南省人民政府网站,
西藏自治区人民政府网站,
陕西省人民政府网站,
甘肃省人民政府网站,
青海省人民政府网站,
宁夏回族自治区人民政府网站,
新疆维吾尔自治区人民政府网站,
新疆生产建设兵团政务网站,
央视新闻,
